Name,DateOfBirth,Married,Phone,Salary
John Smith,1985-03-15,true,+12345678901,75000.00
Sarah Johnson,1990-07-22,false,+12345678902,68000.00
Michael Brown,1978-12-08,true,+12345678903,82000.00
Emma Davis,1992-05-18,false,+12345678904,59000.00
Robert Wilson,1983-09-30,true,+12345678905,71000.00
Lisa Anderson,1987-11-12,false,+12345678906,63000.00
David Taylor,1975-06-25,true,+12345678907,88000.00
Jennifer Thomas,1991-02-14,false,+12345678908,56000.00
William Jackson,1984-08-07,true,+12345678909,73000.00
Maria Garcia,1989-04-20,false,+12345678910,61000.00
James Rodriguez,1982-10-03,true,+12345678911,79000.00
Patricia Martinez,1993-01-28,false,+12345678912,54000.00
Richard Lee,1979-07-16,true,+12345678913,85000.00
Linda White,1986-12-22,false,+12345678914,64000.00
Charles Harris,1981-05-09,true,+12345678915,76000.00
Barbara Clark,1994-09-13,false,+12345678916,52000.00
Joseph Lewis,1977-03-27,true,+12345678917,81000.00
Nancy Walker,1988-11-05,false,+12345678918,67000.00
Thomas Hall,1980-06-18,true,+12345678919,84000.00
Betty Allen,1995-02-08,false,+12345678920,49000.00
Christopher Young,1983-08-21,true,+12345678921,72000.00
Dorothy King,1990-12-15,false,+12345678922,58000.00
Daniel Wright,1976-04-02,true,+12345678923,86000.00
Sandra Lopez,1992-10-26,false,+12345678924,60000.00
Matthew Hill,1984-01-19,true,+12345678925,74000.00
Ashley Green,1989-07-31,false,+12345678926,62000.00
Anthony Adams,1982-05-14,true,+12345678927,77000.00
Kimberly Baker,1993-11-27,false,+12345678928,55000.00
Mark Gonzalez,1978-02-11,true,+12345678929,83000.00
Emily Nelson,1987-08-24,false,+12345678930,65000.00
Donald Carter,1985-12-06,true,+12345678931,69000.00
Michelle Perez,1991-04-29,false,+12345678932,57000.00
Kenneth Roberts,1974-10-16,true,+12345678933,89000.00
Laura Turner,1994-06-03,false,+12345678934,53000.00
Paul Phillips,1981-01-25,true,+12345678935,78000.00
Deborah Campbell,1988-09-08,false,+12345678936,66000.00
Steven Parker,1983-03-12,true,+12345678937,75000.00
Jessica Evans,1995-07-30,false,+12345678938,51000.00
Andrew Edwards,1979-11-23,true,+12345678939,80000.00
Sarah Collins,1986-04-07,false,+12345678940,63000.00
Joshua Stewart,1992-08-18,true,+12345678941,61000.00
Amanda Sanchez,1984-02-28,false,+12345678942,70000.00
Kevin Morris,1977-06-15,true,+12345678943,82000.00
Stephanie Rogers,1990-10-22,false,+12345678944,59000.00
Brian Reed,1982-01-09,true,+12345678945,76000.00
Melissa Cook,1993-05-26,false,+12345678946,54000.00
George Morgan,1975-09-13,true,+12345678947,87000.00
Nicole Bell,1989-12-30,false,+12345678948,62000.00
Edward Murphy,1988-03-21,true,+12345678949,68000.00
Heather Bailey,1994-07-14,false,+12345678950,50000.00
Ronald Rivera,1980-11-07,true,+12345678951,81000.00
Rachel Cooper,1987-02-16,false,+12345678952,64000.00
Jacob Richardson,1983-06-29,true,+12345678953,73000.00
Katherine Cox,1991-10-11,false,+12345678954,58000.00
Gary Howard,1976-01-04,true,+12345678955,85000.00
Catherine Ward,1985-08-27,false,+12345678956,66000.00
Nicholas Torres,1982-12-20,true,+12345678957,77000.00
Christina Peterson,1989-04-03,false,+12345678958,61000.00
Jonathan Gray,1978-07-24,true,+12345678959,82000.00
Janet Ramirez,1993-11-15,false,+12345678960,55000.00
Scott James,1984-03-08,true,+12345678961,72000.00
Ruth Watson,1990-09-21,false,+12345678962,60000.00
Frank Brooks,1981-05-12,true,+12345678963,79000.00
Megan Kelly,1988-01-25,false,+12345678964,65000.00
Benjamin Sanders,1979-10-19,true,+12345678965,83000.00
Lauren Price,1992-02-06,false,+12345678966,57000.00
Samuel Bennett,1986-08-30,true,+12345678967,70000.00
Kayla Wood,1994-12-13,false,+12345678968,52000.00
Gregory Barnes,1977-04-26,true,+12345678969,86000.00
Jacqueline Ross,1989-11-09,false,+12345678970,62000.00
Alexander Henderson,1983-07-02,true,+12345678971,74000.00
Olivia Coleman,1991-03-14,false,+12345678972,59000.00
Patrick Jenkins,1974-09-07,true,+12345678973,90000.00
Alyssa Perry,1988-01-30,false,+12345678974,64000.00
Dennis Powell,1985-05-23,true,+12345678975,71000.00
Vanessa Long,1993-09-16,false,+12345678976,54000.00
Jerry Patterson,1980-02-11,true,+12345678977,81000.00
Julia Hughes,1987-06-24,false,+12345678978,67000.00
Walter Flores,1982-10-07,true,+12345678979,76000.00
Sophia Washington,1994-02-18,false,+12345678980,49000.00
Russell Butler,1978-08-01,true,+12345678981,82000.00
Diana Simmons,1986-12-14,false,+12345678982,63000.00
Bradley Foster,1981-04-09,true,+12345678983,78000.00
Grace Bryant,1989-10-22,false,+12345678984,61000.00
Earl Alexander,1976-01-15,true,+12345678985,85000.00
Madeline Russell,1992-07-28,false,+12345678986,56000.00
Peter Griffin,1984-11-03,true,+12345678987,73000.00
Caroline Diaz,1990-03-19,false,+12345678988,60000.00
Henry Hayes,1975-08-12,true,+12345678989,88000.00
Molly Myers,1988-12-05,false,+12345678990,65000.00
Philip Ford,1983-04-27,true,+12345678991,75000.00
Leah Hamilton,1991-09-08,false,+12345678992,58000.00
Joel Graham,1979-02-20,true,+12345678993,80000.00
Erin Fisher,1986-06-13,false,+12345678994,64000.00
Derek Robertson,1982-10-26,true,+12345678995,72000.00
Tiffany Stone,1993-01-17,false,+12345678996,53000.00
Raymond Holloway,1977-05-30,true,+12345678997,84000.00
Chelsea Brooks,1989-09-22,false,+12345678998,61000.00
Lawrence Hart,1985-01-11,true,+12345678999,69000.00
Brittany Little,1994-08-04,false,+12345679000,51000.00
Vincent Tucker,1980-12-27,true,+12345679001,79000.00
Alexandra Cunningham,1987-04-15,false,+12345679002,63000.00
Mario Knight,1983-07-28,true,+12345679003,74000.00
Samantha Bradley,1991-11-09,false,+12345679004,57000.00
Kurt Andrews,1978-03-02,true,+12345679005,83000.00
Valerie Payne,1986-09-24,false,+12345679006,65000.00
Edgar Armstrong,1981-06-17,true,+12345679007,77000.00
Alice Carroll,1988-12-10,false,+12345679008,62000.00
Ralph Lane,1974-10-03,true,+12345679009,89000.00
Monica Harper,1992-02-14,false,+12345679010,55000.00
Dean Rhodes,1985-08-29,true,+12345679011,70000.00
Britney Logan,1993-05-12,false,+12345679012,53000.00
Ricardo Burns,1979-11-25,true,+12345679013,81000.00
Holly Reese,1986-03-08,false,+12345679014,64000.00
Claude McDonald,1982-07-21,true,+12345679015,76000.00
Bridgette Watts,1990-01-06,false,+12345679016,60000.00
Maurice Goodman,1976-09-19,true,+12345679017,85000.00
Shelly Craig,1989-04-02,false,+12345679018,61000.00
Oscar Blake,1984-12-15,true,+12345679019,72000.00
Lucy Fleming,1991-06-28,false,+12345679020,58000.00
Clifford Malone,1977-10-11,true,+12345679021,86000.00
Abigail Figueroa,1988-02-24,false,+12345679022,63000.00
Willis Lucas,1983-08-09,true,+12345679023,73000.00
Alison Castro,1994-12-22,false,+12345679024,50000.00
Byron Wilkerson,1980-05-05,true,+12345679025,80000.00
Marjorie Park,1987-09-18,false,+12345679026,66000.00
Julian Newman,1982-01-31,true,+12345679027,75000.00
Esther Salazar,1989-07-14,false,+12345679028,62000.00
Hugh Larson,1975-11-27,true,+12345679029,87000.00
Carla George,1993-04-10,false,+12345679030,54000.00
Clayton Wheeler,1981-08-23,true,+12345679031,78000.00
Gwendolyn Reid,1988-12-06,false,+12345679032,64000.00
Antonio Norman,1978-05-19,true,+12345679033,82000.00
Elena Ferguson,1985-01-02,false,+12345679034,67000.00
Wade Daniels,1992-09-15,true,+12345679035,59000.00
Natasha Brewer,1986-02-28,false,+12345679036,65000.00
Gerardo Morrison,1979-10-12,true,+12345679037,81000.00
Cassandra Paul,1990-06-25,false,+12345679038,60000.00
Lionel Santos,1984-11-08,true,+12345679039,72000.00
Whitney Walsh,1991-03-21,false,+12345679040,57000.00
Rufus Hunter,1976-07-04,true,+12345679041,85000.00
Latoya Steele,1989-12-17,false,+12345679042,61000.00
Brett Burgess,1983-04-30,true,+12345679043,74000.00
Johnathan Mccarthy,1994-08-13,false,+12345679044,49000.00
Daisy Hines,1987-02-26,true,+12345679045,63000.00
Dominic Phelps,1981-10-09,true,+12345679046,77000.00
Ebony Campos,1988-05-24,false,+12345679047,62000.00
Owen Harrington,1977-01-07,true,+12345679048,84000.00
Johnnie Casey,1990-07-20,false,+12345679049,58000.00
Sherman Shepard,1985-11-03,true,+12345679050,69000.00
Lucia French,1993-03-16,false,+12345679051,52000.00
Alonzo Mueller,1978-08-29,true,+12345679052,80000.00
Mandy Mcbride,1986-12-12,false,+12345679053,64000.00
Kurtis Forbes,1982-04-25,true,+12345679054,75000.00
Johnny Bentley,1989-09-08,false,+12345679055,61000.00
Noemi David,1975-12-21,true,+12345679056,88000.00
Roosebert Joseph,1991-06-14,false,+12345679057,56000.00
Chandra Mcconnell,1984-10-27,true,+12345679058,71000.00
Dewitt Herman,1992-02-10,false,+12345679059,54000.00
Hildegarde Potter,1980-08-23,true,+12345679060,79000.00
Wilford Pitts,1987-01-06,false,+12345679061,66000.00
Elmo Patrick,1983-05-19,true,+12345679062,73000.00
Shawna Gross,1990-11-02,false,+12345679063,59000.00
Augustus Sharp,1976-02-15,true,+12345679064,86000.00
Shari Doyle,1988-09-30,false,+12345679065,62000.00
Rigoberto Mann,1982-06-13,true,+12345679066,76000.00
Zelma Garza,1989-10-26,false,+12345679067,63000.00
Augustine Delgado,1974-01-09,true,+12345679068,89000.00
Micheline Jensen,1991-07-22,false,+12345679069,57000.00
Hipolito Mccullough,1985-03-07,true,+12345679070,68000.00
Michaela Cortez,1993-09-18,false,+12345679071,53000.00
Norbert Avery,1978-11-01,true,+12345679072,81000.00
Thomasena Schwartz,1986-04-14,false,+12345679073,64000.00
Dario Macias,1981-08-27,true,+12345679074,77000.00
Adrienne Gilliam,1988-12-10,false,+12345679075,62000.00
Wilbur Hubbard,1977-05-24,true,+12345679076,84000.00
Yolonda Yates,1992-01-07,false,+12345679077,55000.00
Cleveland Valdez,1984-09-20,true,+12345679078,72000.00
Ardith Boone,1987-02-03,false,+12345679079,65000.00
Herman Faulkner,1979-06-16,true,+12345679080,80000.00
Thomasine Mejia,1988-10-29,false,+12345679081,61000.00
Percy Conway,1983-02-11,true,+12345679082,74000.00
Vincenzo Skinner,1990-08-26,false,+12345679083,58000.00
Shelby Gates,1976-12-09,true,+12345679084,85000.00
Arlette Rose,1989-04-22,false,+12345679085,62000.00
Hollis Bray,1982-07-05,true,+12345679086,75000.00
Kazuko Poole,1994-11-18,false,+12345679087,50000.00
Denny Huffman,1980-03-01,true,+12345679088,79000.00
Tama Stephenson,1986-09-14,false,+12345679089,64000.00
Williams Mullins,1978-01-27,true,+12345679090,82000.00
Rosalba Thornton,1991-05-10,false,+12345679091,59000.00
Hoyt Wilcox,1985-08-23,true,+12345679092,69000.00
Gearldine Mckee,1992-12-06,false,+12345679093,54000.00
Thaddeus Vincent,1977-04-19,true,+12345679094,84000.00
Sharan Schroeder,1984-10-02,false,+12345679095,63000.00
Haywood Mcintosh,1988-06-15,true,+12345679096,66000.00
Laveta Berger,1993-01-30,false,+12345679097,52000.00
Efrain Dillon,1981-07-13,true,+12345679098,76000.00
Glayds Navarro,1989-11-26,false,+12345679099,61000.00
Carson Hopper,1975-03-09,true,+12345679100,87000.00
Terrence Maldonado,1982-06-14,true,+12345679101,72000.00
Miriam Doyle,1990-10-27,false,+12345679102,60000.00
Rolando Mcgee,1977-02-08,true,+12345679103,83000.00
Eloise Osborne,1985-08-21,false,+12345679104,67000.00
Salvatore Pratt,1988-01-04,true,+12345679105,70000.00
Sonya Christensen,1993-07-17,false,+12345679106,54000.00
Enrique Gross,1980-11-30,true,+12345679107,79000.00
Imogene Wong,1986-05-13,false,+12345679108,63000.00
Darrell Huber,1978-09-26,true,+12345679109,81000.00
Johanna Odonnell,1991-12-09,false,+12345679110,57000.00
Roderick Baxter,1984-04-22,true,+12345679111,73000.00
Francisca Barry,1989-10-05,false,+12345679112,62000.00
Tyson Cervantes,1976-06-18,true,+12345679113,86000.00
Hope Giles,1992-12-01,false,+12345679114,55000.00
Garrett Deleon,1983-03-14,true,+12345679115,74000.00
Leticia Sheppard,1987-09-27,false,+12345679116,64000.00
Ismael Mueller,1975-01-10,true,+12345679117,88000.00
Eula Rivas,1988-07-23,false,+12345679118,61000.00
Guadalupe Bond,1981-11-05,true,+12345679119,76000.00
Selma Vang,1994-04-28,false,+12345679120,50000.00
Alphonso Rosales,1986-08-11,true,+12345679121,68000.00
Nellie Dickson,1979-12-24,false,+12345679122,65000.00
Boyd Pittman,1985-02-06,true,+12345679123,70000.00
Mamie Mcclain,1990-10-19,false,+12345679124,59000.00
Harrison Pollard,1978-06-02,true,+12345679125,82000.00
Lolita Dorsey,1982-11-15,false,+12345679126,56000.00
Sydney Bernard,1989-03-29,true,+12345679127,62000.00
Rosanna Hayden,1984-09-12,false,+12345679128,71000.00
Norris Hahn,1976-01-25,true,+12345679129,85000.00
Imelda Mcintosh,1991-08-08,false,+12345679130,57000.00
Ellis Mcclure,1988-02-21,true,+12345679131,69000.00
Melba Humphrey,1983-06-04,false,+12345679132,74000.00
Darrin Mcpherson,1979-10-17,true,+12345679133,80000.00
Olive Mclean,1986-04-01,false,+12345679134,62000.00
Millard Gentry,1982-12-14,true,+12345679135,75000.00
Consuelo Wilkinson,1987-07-27,false,+12345679136,63000.00
Shelton Osborn,1974-03-22,true,+12345679137,89000.00
Nadia Mcfarland,1989-09-04,false,+12345679138,60000.00
Darrel Hensley,1985-01-16,true,+12345679139,70000.00
Jodie Gillespie,1992-05-29,false,+12345679140,53000.00
Wilton Stephenson,1980-11-11,true,+12345679141,81000.00
Socorro Mckee,1988-02-23,false,+12345679142,64000.00
Ollie Mcconnell,1983-07-06,true,+12345679143,72000.00
Kelli Prince,1990-01-19,false,+12345679144,58000.00
Burl Bass,1977-08-02,true,+12345679145,83000.00
Angelita Hatfield,1984-12-15,false,+12345679146,61000.00
Ward Golden,1978-04-28,true,+12345679147,78000.00
Luella Hodge,1986-11-09,false,+12345679148,63000.00
Jeremiah Blackwell,1981-03-24,true,+12345679149,76000.00
Yvonne Sears,1989-07-07,false,+12345679150,59000.00
Emmett Ashley,1975-10-20,true,+12345679151,87000.00
Louella Brennan,1982-06-03,false,+12345679152,56000.00
Terence Macdonald,1987-01-16,true,+12345679153,68000.00
Earlene Lang,1993-09-29,false,+12345679154,52000.00
Alfredo Leblanc,1984-05-12,true,+12345679155,71000.00
Elisa Russo,1988-11-25,false,+12345679156,62000.00
Donnell Vazquez,1976-02-08,true,+12345679157,86000.00
Myrtle Singleton,1990-08-22,false,+12345679158,57000.00
Dominick Donaldson,1985-12-05,true,+12345679159,69000.00
Karie Callahan,1982-04-18,false,+12345679160,74000.00
Dewayne Archer,1979-10-01,true,+12345679161,80000.00
Tanisha Stark,1986-06-14,false,+12345679162,62000.00
Bradly Oneal,1983-01-27,true,+12345679163,73000.00
Tessie Savage,1991-07-10,false,+12345679164,56000.00
Lesley Luna,1977-11-23,true,+12345679165,84000.00
Retha Henson,1984-03-06,false,+12345679166,61000.00
Numbers Montoya,1988-09-19,true,+12345679167,67000.00
Kisha Peck,1992-01-02,false,+12345679168,54000.00
Hayden Michael,1980-05-15,true,+12345679169,79000.00
Lanelle Cline,1987-11-28,false,+12345679170,63000.00
Donte Puckett,1983-04-11,true,+12345679171,72000.00
Jackelyn Snider,1989-10-24,false,+12345679172,60000.00
Sidney Kirk,1976-02-05,true,+12345679173,85000.00
Marietta Camacho,1982-08-20,false,+12345679174,58000.00
Darrick Parrish,1990-12-03,true,+12345679175,57000.00
Karina Burch,1985-07-16,false,+12345679176,65000.00
Norberto Mcneil,1978-01-29,true,+12345679177,82000.00
Season Haley,1984-06-12,false,+12345679178,61000.00
Refugio Dalton,1981-10-25,true,+12345679179,76000.00
Candyce Hinton,1988-02-07,false,+12345679180,62000.00
Williams Waller,1974-08-21,true,+12345679181,89000.00
Providencia Noble,1989-04-04,false,+12345679182,59000.00
Johnson Beard,1986-12-17,true,+12345679183,64000.00
Lauryn Justice,1982-05-30,false,+12345679184,70000.00
Wilfredo Dillon,1979-09-12,true,+12345679185,80000.00
Thomasena Mcleod,1987-01-25,false,+12345679186,63000.00
Numbers Galloway,1993-08-08,true,+12345679187,52000.00
Kaley Hester,1980-02-19,false,+12345679188,81000.00
Numbers Mckay,1985-06-02,true,+12345679189,68000.00
Seasonal Mcintyre,1991-12-15,false,+12345679190,56000.00
Williams Hester,1978-04-28,true,+12345679191,78000.00
Providencia Mcconnell,1983-11-09,false,+12345679192,61000.00
Johnson Mcfarland,1989-07-22,true,+12345679193,62000.00
Lauryn Noble,1982-01-05,false,+12345679194,74000.00
Wilfredo Justice,1976-10-18,true,+12345679195,86000.00
Thomasena Beard,1984-03-31,false,+12345679196,61000.00
Numbers Galloway,1990-09-13,true,+12345679197,57000.00
Kaley Dillon,1987-02-26,false,+12345679198,64000.00
Numbers Mcleod,1981-08-11,true,+12345679199,75000.00
Seasonal Hinton,1994-05-24,false,+12345679200,50000.00
Williams Waller,1977-12-07,true,+12345679201,83000.00